{"loss": [1.7572396993637085, 1.3785052299499512, 1.3372597694396973, 1.2933045625686646, 1.2898870706558228, 1.2605564594268799, 1.2423202991485596, 1.2249006032943726, 1.2109335660934448, 1.1840320825576782, 1.191933274269104, 1.157315731048584, 1.1538240909576416, 1.1330393552780151, 1.164547085762024, 1.1442904472351074, 1.164181113243103, 1.1060889959335327, 1.088944435119629, 1.1033923625946045, 1.1178443431854248, 1.095650315284729, 1.0882905721664429, 1.0931882858276367, 1.077577829360962, 1.1047992706298828, 1.0632840394973755, 1.0595457553863525, 1.0439454317092896, 1.058952808380127, 1.0659363269805908, 1.0640151500701904, 1.033786416053772, 1.0394994020462036, 1.0379047393798828, 1.027312159538269, 1.011854648590088, 1.0299491882324219, 1.0101526975631714, 1.0078803300857544, 1.0470340251922607, 1.0063176155090332, 0.9962021708488464, 1.0324866771697998, 1.0036258697509766, 0.9923559427261353, 0.996994137763977, 1.0632240772247314, 0.9928306341171265, 0.9901419281959534, 0.9687363505363464, 0.9732543230056763, 0.9797728061676025, 0.9638091325759888, 0.9919798970222473, 0.9888553619384766, 0.9870814085006714, 0.9479981064796448], "raw_mae": [2.0635244846343994, 1.8436728715896606, 1.869984745979309, 1.8901574611663818, 1.8716739416122437, 1.8977550268173218, 1.9048582315444946, 1.9057077169418335, 1.9247163534164429, 1.9489682912826538, 1.933645486831665, 1.9594547748565674, 1.9555829763412476, 1.9625400304794312, 1.9573160409927368, 1.9760760068893433, 1.9703172445297241, 1.9684220552444458, 1.9759477376937866, 1.978096842765808, 2.0084128379821777, 1.9914312362670898, 1.9815410375595093, 1.986575722694397, 1.9735994338989258, 2.009140729904175, 1.9788763523101807, 1.9787037372589111, 2.006866216659546, 2.0016326904296875, 2.0020015239715576, 2.00516939163208, 1.9878391027450562, 1.9904794692993164, 1.9973245859146118, 2.012467384338379, 2.0132625102996826, 2.023900270462036, 2.017522096633911, 2.0156073570251465, 2.020610809326172, 2.019951581954956, 2.0309741497039795, 2.028902769088745, 2.014397144317627, 2.0358762741088867, 2.047940254211426, 2.0323054790496826, 2.0234792232513428, 2.031343698501587, 2.027813196182251, 2.0315842628479004, 2.034653902053833, 2.0255675315856934, 2.0442070960998535, 2.02913761138916, 2.038195848464966, 2.0386710166931152], "rounded_mae": [1.9221066236495972, 1.829478144645691, 1.8521595001220703, 1.8690298795700073, 1.8536689281463623, 1.8794927597045898, 1.8851763010025024, 1.8865892887115479, 1.9049184322357178, 1.9266458749771118, 1.910614252090454, 1.9383703470230103, 1.9360713958740234, 1.943408727645874, 1.9361448287963867, 1.958627700805664, 1.9494792222976685, 1.9474918842315674, 1.9505363702774048, 1.9612842798233032, 1.982553243637085, 1.962273359298706, 1.961156964302063, 1.963242769241333, 1.9491513967514038, 1.9882210493087769, 1.9604804515838623, 1.9586971998214722, 1.9853657484054565, 1.9831563234329224, 1.9795444011688232, 1.9814358949661255, 1.9670549631118774, 1.9713495969772339, 1.9734729528427124, 1.9860562086105347, 1.9930639266967773, 1.9995167255401611, 1.9957549571990967, 1.9931963682174683, 1.9932750463485718, 2.0008187294006348, 2.0049397945404053, 2.0061628818511963, 1.9964333772659302, 2.0176563262939453, 2.027845621109009, 2.0093142986297607, 1.9987608194351196, 2.0104992389678955, 2.0008184909820557, 2.00885272026062, 2.0083839893341064, 2.003420352935791, 2.02243709564209, 2.0053887367248535, 2.0208566188812256, 2.016115665435791], "val_loss": [3.566027879714966, 3.1784143447875977, 3.1962404251098633, 3.03349232673645, 2.917116641998291, 2.9926223754882812, 2.877302408218384, 2.8735387325286865, 3.024074077606201, 3.2314822673797607, 2.005321979522705, 1.5429867506027222, 1.9317071437835693, 1.4963679313659668, 1.9451922178268433, 1.879765510559082, 1.715468168258667, 1.4609386920928955, 1.75244140625, 1.0634633302688599, 1.8764984607696533, 1.6078685522079468, 1.7777819633483887, 1.3525322675704956, 1.4790313243865967, 1.0972621440887451, 1.4057228565216064, 1.2910442352294922, 1.9138822555541992, 1.0873852968215942, 1.7293418645858765, 1.6328798532485962, 1.5056824684143066, 1.0488309860229492, 1.6371508836746216, 1.205461859703064, 1.8426711559295654, 1.146632432937622, 1.2009060382843018, 1.0257964134216309, 1.4683595895767212, 1.3297345638275146, 1.0289726257324219, 1.0506576299667358, 1.1304826736450195, 1.143830418586731, 1.0442761182785034, 2.027092218399048, 1.4504823684692383, 1.6609071493148804, 1.8326975107192993, 1.7631474733352661, 1.0708144903182983, 1.9936110973358154, 2.366058588027954, 1.0545488595962524, 1.147470235824585, 1.0531353950500488], "val_raw_mae": [3.5762665271759033, 3.1887059211730957, 3.206533432006836, 3.0438270568847656, 2.927433729171753, 3.0029995441436768, 2.8876826763153076, 2.8835818767547607, 3.0337531566619873, 3.2408313751220703, 2.0143356323242188, 1.5585459470748901, 1.9375560283660889, 1.5100630521774292, 1.949859380722046, 1.8874542713165283, 1.7251026630401611, 1.472097635269165, 1.7646650075912476, 1.1015377044677734, 1.886553168296814, 1.617972493171692, 1.7817221879959106, 1.377129316329956, 1.4947508573532104, 1.1359180212020874, 1.4228349924087524, 1.3071238994598389, 1.923437237739563, 1.120265007019043, 1.740447759628296, 1.6405233144760132, 1.5193413496017456, 1.09067964553833, 1.6483412981033325, 1.2167396545410156, 1.8551887273788452, 1.173376441001892, 1.2270511388778687, 1.0593608617782593, 1.4810291528701782, 1.3481864929199219, 1.0568139553070068, 1.083974003791809, 1.1535264253616333, 1.1651580333709717, 1.0770457983016968, 2.0330922603607178, 1.4737471342086792, 1.6684054136276245, 1.8370468616485596, 1.7730547189712524, 1.0943691730499268, 2.0000388622283936, 2.3714168071746826, 1.095470666885376, 1.1584148406982422, 1.0705993175506592], "val_rounded_mae": [3.066580057144165, 3.066580057144165, 3.066580057144165, 3.066580057144165, 3.066580057144165, 3.066580057144165, 3.066580057144165, 3.065408945083618, 3.0361716747283936, 3.0169789791107178, 1.9678781032562256, 1.539566159248352, 1.9070206880569458, 1.489815354347229, 1.9625985622406006, 1.880153775215149, 1.6871564388275146, 1.4344033002853394, 1.7432949542999268, 1.0790919065475464, 1.8760885000228882, 1.599239468574524, 1.751913070678711, 1.3420432806015015, 1.4674389362335205, 1.1131876707077026, 1.4186228513717651, 1.2888749837875366, 1.8883064985275269, 1.089044451713562, 1.7255172729492188, 1.6256780624389648, 1.5064305067062378, 1.0836780071258545, 1.6194894313812256, 1.196581244468689, 1.8511936664581299, 1.1426061391830444, 1.192885398864746, 1.0267657041549683, 1.4651508331298828, 1.3164211511611938, 1.0274484157562256, 1.0529576539993286, 1.1320137977600098, 1.145875096321106, 1.054165005683899, 2.0380327701568604, 1.4265880584716797, 1.644297480583191, 1.815943717956543, 1.7777177095413208, 1.0641061067581177, 2.008655309677124, 2.3416714668273926, 1.075417399406433, 1.135806918144226, 1.031363844871521]}