{"loss": [1.4202275276184082, 1.2640323638916016, 1.239112138748169, 1.193642258644104, 1.1557501554489136, 1.1410949230194092, 1.1062794923782349, 1.1096116304397583, 1.0879483222961426, 1.057857632637024, 1.0743111371994019, 1.0251538753509521, 1.0434144735336304, 1.000340461730957, 0.9906606674194336, 0.9897609353065491, 0.9735625386238098, 0.9676985144615173, 0.9562615156173706, 0.9528250694274902, 0.9404207468032837, 0.9305724501609802, 0.9113669991493225, 0.9258080124855042, 0.9183974266052246, 0.93961101770401, 0.8992899060249329, 0.8766728043556213, 0.8641682863235474, 0.8702453374862671, 0.9087726473808289, 0.8626561760902405, 0.8673486709594727, 0.8771672248840332, 0.8509775400161743, 0.8306423425674438, 0.8213599324226379, 0.802349865436554, 0.8044191002845764], "raw_mae": [1.8887722492218018, 1.875056505203247, 1.8850263357162476, 1.9021998643875122, 1.9144219160079956, 1.9345829486846924, 1.9478063583374023, 1.9384099245071411, 1.9612319469451904, 1.9557358026504517, 1.965113878250122, 1.9815312623977661, 1.9738258123397827, 1.9890645742416382, 1.9813300371170044, 1.9941670894622803, 2.0053980350494385, 2.0151143074035645, 2.009503126144409, 2.0131404399871826, 2.0141875743865967, 2.033581256866455, 2.023009777069092, 2.0315017700195312, 2.027045249938965, 2.027233600616455, 2.0375776290893555, 2.035057783126831, 2.041048049926758, 2.0443432331085205, 2.0529277324676514, 2.056028127670288, 2.038797378540039, 2.0447566509246826, 2.049755334854126, 2.0475356578826904, 2.056814670562744, 2.055964946746826, 2.061227560043335], "rounded_mae": [1.8622722625732422, 1.8605015277862549, 1.8706824779510498, 1.8830626010894775, 1.8998967409133911, 1.916303038597107, 1.9314336776733398, 1.9223285913467407, 1.9448848962783813, 1.9378565549850464, 1.9466526508331299, 1.966699481010437, 1.9548319578170776, 1.9714258909225464, 1.962735891342163, 1.975716471672058, 1.9859474897384644, 1.9972723722457886, 1.9918421506881714, 1.9926663637161255, 1.9954115152359009, 2.0120952129364014, 2.003981828689575, 2.0127735137939453, 2.008012056350708, 2.0055572986602783, 2.021907091140747, 2.017522096633911, 2.0237672328948975, 2.0268404483795166, 2.031947374343872, 2.039644479751587, 2.0154802799224854, 2.0298120975494385, 2.032386541366577, 2.0253591537475586, 2.0401036739349365, 2.038243293762207, 2.0431571006774902], "val_loss": [3.8805127143859863, 3.396268367767334, 3.374084234237671, 3.195486068725586, 3.184412956237793, 3.2570481300354004, 3.1224989891052246, 3.019686698913574, 3.118093729019165, 3.016125202178955, 1.3057905435562134, 3.090592384338379, 1.0968579053878784, 1.7494667768478394, 2.8689520359039307, 1.183785080909729, 1.6106369495391846, 1.1268043518066406, 1.719261884689331, 1.5007771253585815, 1.713798999786377, 1.6346139907836914, 1.0893077850341797, 0.992881715297699, 1.0181303024291992, 1.355224370956421, 1.0830579996109009, 2.0757791996002197, 1.091118574142456, 1.117202639579773, 1.6816527843475342, 1.0896052122116089, 1.1629379987716675, 1.398889422416687, 1.028221845626831, 1.388805866241455, 1.744710087776184, 2.4065372943878174, 1.320711612701416], "val_raw_mae": [3.8907558917999268, 3.406609296798706, 3.3844332695007324, 3.2060303688049316, 3.1950836181640625, 3.2676353454589844, 3.1330230236053467, 3.029350757598877, 3.1276402473449707, 3.0247421264648438, 1.339929461479187, 3.099088430404663, 1.1452604532241821, 1.7536838054656982, 2.870786428451538, 1.2045623064041138, 1.6189604997634888, 1.1584924459457397, 1.7204710245132446, 1.5167886018753052, 1.7139581441879272, 1.6516164541244507, 1.124119520187378, 1.0282374620437622, 1.0490881204605103, 1.3757342100143433, 1.100876808166504, 2.08066987991333, 1.106033205986023, 1.15013587474823, 1.71334969997406, 1.127618432044983, 1.181092381477356, 1.4097033739089966, 1.0498759746551514, 1.4034156799316406, 1.751726508140564, 2.4083828926086426, 1.3253648281097412], "val_rounded_mae": [3.066580057144165, 3.066580057144165, 3.066580057144165, 3.066580057144165, 3.066580057144165, 3.066580057144165, 3.066580057144165, 3.0405261516571045, 3.0145821571350098, 2.882904052734375, 1.3093901872634888, 2.861907482147217, 1.107956051826477, 1.7600891590118408, 2.5045294761657715, 1.1675387620925903, 1.6078535318374634, 1.1347382068634033, 1.7091724872589111, 1.4775038957595825, 1.6936486959457397, 1.586753487586975, 1.102331519126892, 0.9900126457214355, 1.0198994874954224, 1.3297216892242432, 1.085586428642273, 2.052238702774048, 1.086652159690857, 1.1146434545516968, 1.5824391841888428, 1.0929003953933716, 1.135815978050232, 1.3339684009552002, 1.0131590366363525, 1.3818782567977905, 1.7243491411209106, 2.263624429702759, 1.2889784574508667]}