{"loss": [1.912177324295044, 1.4773670434951782, 1.4278854131698608, 1.431641697883606, 1.3861631155014038, 1.3785514831542969, 1.3626501560211182, 1.3273348808288574, 1.3362427949905396, 1.3075101375579834, 1.3057879209518433, 1.3020802736282349, 1.281157374382019, 1.2916738986968994, 1.2654787302017212, 1.2853955030441284, 1.2591224908828735, 1.2359203100204468, 1.2056251764297485, 1.21175217628479, 1.1883726119995117, 1.2260301113128662, 1.166513442993164, 1.1483511924743652, 1.1501802206039429, 1.1533422470092773, 1.1151957511901855, 1.1440244913101196, 1.1128273010253906, 1.107418417930603, 1.1228729486465454, 1.0901591777801514, 1.1242034435272217, 1.0997847318649292, 1.1177442073822021, 1.0891530513763428, 1.0761098861694336, 1.049424648284912, 1.0661344528198242, 1.0714895725250244, 1.0530627965927124, 1.0411485433578491, 1.034474492073059, 1.0190163850784302, 1.0146747827529907, 1.015770435333252, 1.0220946073532104, 1.0176271200180054, 0.9987634420394897, 0.9842949509620667], "raw_mae": [1.927454948425293, 1.705123782157898, 1.7542723417282104, 1.7799403667449951, 1.7666113376617432, 1.7829370498657227, 1.7932250499725342, 1.7931668758392334, 1.8236750364303589, 1.814827799797058, 1.8293014764785767, 1.8292293548583984, 1.8358489274978638, 1.8581507205963135, 1.8499106168746948, 1.8473771810531616, 1.8598304986953735, 1.854272723197937, 1.875736951828003, 1.878993034362793, 1.9010632038116455, 1.8975670337677002, 1.8994044065475464, 1.9047696590423584, 1.925149917602539, 1.9129410982131958, 1.9139916896820068, 1.9376869201660156, 1.911441445350647, 1.9375762939453125, 1.9282492399215698, 1.9197624921798706, 1.931196928024292, 1.9219200611114502, 1.9437147378921509, 1.9305557012557983, 1.9515782594680786, 1.9436979293823242, 1.9561582803726196, 1.9498751163482666, 1.9412537813186646, 1.9449971914291382, 1.9687268733978271, 1.96005117893219, 1.982125163078308, 1.9732621908187866, 1.9722511768341064, 1.977890968322754, 1.9838473796844482, 1.9793355464935303], "rounded_mae": [1.8490208387374878, 1.6904715299606323, 1.7381041049957275, 1.7622900009155273, 1.752158761024475, 1.7659133672714233, 1.7760932445526123, 1.7777109146118164, 1.8088568449020386, 1.7997074127197266, 1.8157509565353394, 1.8161615133285522, 1.8195158243179321, 1.841070532798767, 1.83331298828125, 1.8297098875045776, 1.8452547788619995, 1.8359111547470093, 1.8601316213607788, 1.8607361316680908, 1.8791587352752686, 1.8763206005096436, 1.881348967552185, 1.8874356746673584, 1.9045339822769165, 1.8913711309432983, 1.8968874216079712, 1.9207525253295898, 1.8917276859283447, 1.9149982929229736, 1.9069316387176514, 1.896322250366211, 1.913248062133789, 1.900909662246704, 1.9243279695510864, 1.9125186204910278, 1.9312293529510498, 1.9253934621810913, 1.936155080795288, 1.9347232580184937, 1.9235591888427734, 1.9242030382156372, 1.9477765560150146, 1.9376460313796997, 1.9642870426177979, 1.950828194618225, 1.9525988101959229, 1.954669713973999, 1.9621282815933228, 1.9591811895370483], "val_loss": [1.5566595792770386, 1.4237229824066162, 1.4395257234573364, 1.381545066833496, 1.3511513471603394, 1.351936936378479, 1.371943473815918, 1.3074434995651245, 1.3237701654434204, 1.2966580390930176, 1.2971841096878052, 1.2834582328796387, 1.3095554113388062, 1.2725976705551147, 1.2764596939086914, 1.2525603771209717, 1.3030015230178833, 1.2154196500778198, 1.2784990072250366, 1.2119243144989014, 1.3285101652145386, 1.2182590961456299, 1.1764326095581055, 1.1703912019729614, 1.17746901512146, 1.1798455715179443, 1.1582961082458496, 1.2328583002090454, 1.1667754650115967, 1.1593601703643799, 1.1445618867874146, 1.1490765810012817, 1.167862892150879, 1.1480194330215454, 1.1459078788757324, 1.188792109489441, 1.1385793685913086, 1.1283138990402222, 1.2363890409469604, 1.1506177186965942, 1.1279634237289429, 1.1296077966690063, 1.1125386953353882, 1.1070879697799683, 1.1054227352142334, 1.0945203304290771, 1.1015063524246216, 1.0981136560440063, 1.1165790557861328, 1.091376781463623], "val_raw_mae": [1.574084997177124, 1.452078938484192, 1.4688103199005127, 1.413046956062317, 1.3821033239364624, 1.3830435276031494, 1.4044344425201416, 1.339137077331543, 1.3565270900726318, 1.329660415649414, 1.3307706117630005, 1.3172352313995361, 1.3456956148147583, 1.3073033094406128, 1.3083621263504028, 1.2879369258880615, 1.3359880447387695, 1.2508515119552612, 1.3064314126968384, 1.2458761930465698, 1.3630706071853638, 1.2564557790756226, 1.212056040763855, 1.209532618522644, 1.2124813795089722, 1.2204220294952393, 1.200310468673706, 1.2714303731918335, 1.2087451219558716, 1.1997350454330444, 1.1851558685302734, 1.1907953023910522, 1.2092446088790894, 1.191763997077942, 1.191186785697937, 1.2293176651000977, 1.1790478229522705, 1.1745637655258179, 1.265573501586914, 1.1911646127700806, 1.1725378036499023, 1.1768370866775513, 1.1605212688446045, 1.1552380323410034, 1.1496398448944092, 1.1381040811538696, 1.14730703830719, 1.1413832902908325, 1.1615246534347534, 1.1377140283584595], "val_rounded_mae": [1.5559133291244507, 1.4372243881225586, 1.4388940334320068, 1.419525146484375, 1.3658119440078735, 1.3701435327529907, 1.38338303565979, 1.3376699686050415, 1.337796926498413, 1.2970865964889526, 1.313909888267517, 1.3017418384552002, 1.3331129550933838, 1.2824827432632446, 1.2752808332443237, 1.2506004571914673, 1.306068778038025, 1.2281395196914673, 1.2818034887313843, 1.2205270528793335, 1.302654504776001, 1.2272498607635498, 1.1777819395065308, 1.1914618015289307, 1.1721174716949463, 1.2129353284835815, 1.196513295173645, 1.2169421911239624, 1.2106415033340454, 1.1705474853515625, 1.1564810276031494, 1.162734866142273, 1.1944172382354736, 1.1682415008544922, 1.1730163097381592, 1.2048290967941284, 1.147842288017273, 1.1292259693145752, 1.2425117492675781, 1.1581213474273682, 1.152975082397461, 1.1585384607315063, 1.1455364227294922, 1.110427737236023, 1.1438286304473877, 1.1107181310653687, 1.095039963722229, 1.1026780605316162, 1.1373282670974731, 1.0947030782699585]}