{"loss": [1.5681442022323608, 1.3465991020202637, 1.2750271558761597, 1.2512972354888916, 1.2113401889801025, 1.162093997001648, 1.117860198020935, 1.1424187421798706, 1.1197800636291504, 1.1152715682983398, 1.1117973327636719, 1.0759296417236328, 1.0814725160598755, 1.0466049909591675, 1.0817242860794067, 1.0319536924362183, 1.0383083820343018, 1.0384458303451538, 1.01798415184021, 0.9957630634307861, 1.0109156370162964, 1.0075677633285522, 0.9925996661186218, 0.9820653796195984, 1.0203768014907837, 1.0020949840545654, 0.9727590680122375, 0.9507947564125061, 0.95556640625, 0.9626175165176392, 0.993759274482727, 0.9640594124794006, 0.9571577906608582, 0.9633683562278748, 0.9405578970909119, 0.9296636581420898, 0.9289065003395081, 0.9233344793319702, 0.9240279197692871, 0.917177677154541, 0.9475389719009399, 0.9449633359909058, 0.9586612582206726, 0.9170747995376587, 0.9111409187316895, 0.9020406007766724, 0.9011179804801941, 0.9379569888114929, 0.8871058821678162, 0.9057974219322205, 0.8691956996917725, 0.9125176072120667, 0.8718443512916565, 0.8710532188415527, 0.8831920623779297, 0.8731115460395813, 0.8697638511657715, 0.8720906376838684, 0.906238853931427, 0.8769170641899109, 0.847412645816803, 0.8778645396232605, 0.857073962688446, 0.8658634424209595], "raw_mae": [1.9631294012069702, 1.9066778421401978, 1.9525727033615112, 1.9483778476715088, 1.9676940441131592, 1.9677009582519531, 1.9814928770065308, 1.9869563579559326, 1.9937398433685303, 1.9997837543487549, 2.021019697189331, 2.018704891204834, 2.0159573554992676, 2.0479164123535156, 2.030181646347046, 2.0249829292297363, 2.050920248031616, 2.039989471435547, 2.049232244491577, 2.0470404624938965, 2.043444871902466, 2.054943799972534, 2.0481913089752197, 2.0504679679870605, 2.0559580326080322, 2.05537486076355, 2.0525476932525635, 2.0616886615753174, 2.0542116165161133, 2.0526602268218994, 2.0709431171417236, 2.0804152488708496, 2.061114549636841, 2.067789316177368, 2.0691661834716797, 2.0757689476013184, 2.074906826019287, 2.076817512512207, 2.0767762660980225, 2.0768487453460693, 2.0686042308807373, 2.0787150859832764, 2.0958094596862793, 2.0924158096313477, 2.0856540203094482, 2.0827338695526123, 2.08449387550354, 2.0813183784484863, 2.1009457111358643, 2.0883090496063232, 2.090015172958374, 2.080289840698242, 2.1006128787994385, 2.0806233882904053, 2.0780770778656006, 2.0927369594573975, 2.095956563949585, 2.105933904647827, 2.1001503467559814, 2.079453468322754, 2.088517904281616, 2.093001127243042, 2.0978786945343018, 2.0850186347961426], "rounded_mae": [1.9138638973236084, 1.8863869905471802, 1.9289907217025757, 1.9266235828399658, 1.9460818767547607, 1.9483401775360107, 1.9592078924179077, 1.9671534299850464, 1.9715231657028198, 1.9785743951797485, 1.9962289333343506, 1.9961163997650146, 1.9919782876968384, 2.0262436866760254, 2.00407338142395, 2.004084825515747, 2.027691602706909, 2.0193212032318115, 2.0297751426696777, 2.022336483001709, 2.021602153778076, 2.0270769596099854, 2.0265886783599854, 2.0293610095977783, 2.0334393978118896, 2.0369551181793213, 2.0311484336853027, 2.037931203842163, 2.0301096439361572, 2.031236410140991, 2.0495736598968506, 2.051813840866089, 2.035266160964966, 2.0467605590820312, 2.046081781387329, 2.04870343208313, 2.049617052078247, 2.049440860748291, 2.055765151977539, 2.055499792098999, 2.04621958732605, 2.0575766563415527, 2.0714712142944336, 2.070936441421509, 2.0674026012420654, 2.0631260871887207, 2.06058931350708, 2.054974317550659, 2.0737617015838623, 2.065979480743408, 2.0685672760009766, 2.0612633228302, 2.0742361545562744, 2.058710813522339, 2.053968906402588, 2.0645053386688232, 2.071314573287964, 2.077946186065674, 2.074636220932007, 2.0560009479522705, 2.063793659210205, 2.074904680252075, 2.0701229572296143, 2.0552074909210205], "val_loss": [3.2065658569335938, 2.3000779151916504, 1.9162094593048096, 1.916214942932129, 1.8983873128890991, 1.711506724357605, 1.85400390625, 1.8226810693740845, 1.68816077709198, 1.729428768157959, 1.1031420230865479, 1.8450226783752441, 1.2475955486297607, 1.251837968826294, 1.0684233903884888, 1.0612457990646362, 1.3944483995437622, 1.1902345418930054, 1.011391043663025, 1.1420503854751587, 1.165528655052185, 1.2624741792678833, 1.1239975690841675, 1.4203147888183594, 1.041250228881836, 1.0560146570205688, 1.1537120342254639, 1.016005516052246, 1.1754553318023682, 1.4332202672958374, 1.627692699432373, 1.3887463808059692, 1.2027398347854614, 1.0090391635894775, 1.5668091773986816, 1.114241600036621, 0.9989004135131836, 0.9763993620872498, 1.0409483909606934, 1.9168884754180908, 1.0101683139801025, 1.341711163520813, 1.1829882860183716, 1.4952114820480347, 1.0336658954620361, 1.0548824071884155, 1.4271661043167114, 1.7207739353179932, 0.9749568700790405, 1.186944603919983, 1.6289706230163574, 1.353698968887329, 1.0114305019378662, 1.0985445976257324, 1.0545281171798706, 1.1126610040664673, 2.012610673904419, 1.201417088508606, 1.331351399421692, 1.619306206703186, 1.0720045566558838, 1.1920855045318604, 1.646366000175476, 1.282514214515686], "val_raw_mae": [3.1721303462982178, 2.2652595043182373, 1.8801767826080322, 1.8798344135284424, 1.8600008487701416, 1.6749454736709595, 1.8161321878433228, 1.7849661111831665, 1.6534550189971924, 1.6920802593231201, 1.0815067291259766, 1.8040838241577148, 1.2174278497695923, 1.214009165763855, 1.0430487394332886, 1.035962700843811, 1.3563214540481567, 1.1634474992752075, 0.9858331680297852, 1.1187788248062134, 1.129253625869751, 1.2230651378631592, 1.1103633642196655, 1.394247055053711, 1.007666826248169, 1.0168694257736206, 1.1114195585250854, 0.9894343018531799, 1.1330339908599854, 1.391457200050354, 1.5867549180984497, 1.3528896570205688, 1.171547532081604, 0.9830268621444702, 1.5113154649734497, 1.0715759992599487, 0.9723501801490784, 0.9599380493164062, 1.0063883066177368, 1.86613929271698, 0.9853520393371582, 1.290061593055725, 1.142109751701355, 1.4567348957061768, 0.9822306036949158, 1.0098121166229248, 1.3870849609375, 1.6666091680526733, 0.9520552754402161, 1.1402517557144165, 1.5718616247177124, 1.3096323013305664, 0.974021852016449, 1.0621823072433472, 1.0110809803009033, 1.079239010810852, 1.9492639303207397, 1.14141047000885, 1.2843873500823975, 1.5618009567260742, 1.0217019319534302, 1.150543451309204, 1.5831018686294556, 1.233810305595398], "val_rounded_mae": [3.066580057144165, 2.2027409076690674, 1.6631900072097778, 1.6731351613998413, 1.7032541036605835, 1.6625622510910034, 1.7124617099761963, 1.7999681234359741, 1.6496953964233398, 1.6823593378067017, 1.062820315361023, 1.7973541021347046, 1.2124418020248413, 1.1859807968139648, 1.0155433416366577, 1.0081487894058228, 1.3349924087524414, 1.1407262086868286, 0.9561005234718323, 1.0850937366485596, 1.0878826379776, 1.195472002029419, 1.0673660039901733, 1.3733762502670288, 0.98528653383255, 0.9911355376243591, 1.0768134593963623, 0.958739161491394, 1.1060835123062134, 1.3825141191482544, 1.5040225982666016, 1.2923771142959595, 1.1485587358474731, 0.9424344897270203, 1.4947597980499268, 1.0360933542251587, 0.9426836371421814, 0.9146544337272644, 0.9790142178535461, 1.8425359725952148, 0.9627330899238586, 1.2614343166351318, 1.1207982301712036, 1.4012067317962646, 0.9499107003211975, 0.9548381567001343, 1.3106151819229126, 1.6489325761795044, 0.9196767807006836, 1.1026402711868286, 1.5302375555038452, 1.298421025276184, 0.9516156315803528, 1.0568956136703491, 0.9792366623878479, 1.0526673793792725, 1.8538503646850586, 1.0925257205963135, 1.2575820684432983, 1.5622386932373047, 0.9788827896118164, 1.1177375316619873, 1.5405744314193726, 1.2215031385421753]}