{"loss": [1.4393903017044067, 1.2714182138442993, 1.221360445022583, 1.192327618598938, 1.1867659091949463, 1.1410549879074097, 1.1235291957855225, 1.1421730518341064, 1.0931960344314575, 1.078333854675293, 1.1341264247894287, 1.0524990558624268, 1.079122543334961, 1.0471506118774414, 1.0688821077346802, 1.0195717811584473, 1.0173298120498657, 1.036651849746704, 0.9894008040428162, 0.9956949353218079, 0.9980923533439636, 1.0019278526306152, 0.9708994626998901, 0.9599131941795349, 0.9894537329673767, 0.9962422847747803, 0.9683540463447571, 0.9580122232437134, 0.9635255932807922, 0.9590782523155212, 0.973529577255249, 0.9478251934051514, 0.9517604112625122, 0.9481173753738403, 0.9582886099815369, 0.9408336281776428, 0.9168429970741272, 0.919580340385437, 0.8987402319908142, 0.9038649797439575, 0.9333371520042419, 0.893755316734314, 0.9028714299201965, 0.9114852547645569, 0.8888877630233765, 0.8965818285942078, 0.8830031156539917, 0.9253101944923401, 0.9140580892562866, 0.9150012731552124], "raw_mae": [1.935891032218933, 1.933108925819397, 1.9499889612197876, 1.9695851802825928, 1.9631186723709106, 1.9893616437911987, 1.9850496053695679, 2.0004608631134033, 2.005697727203369, 2.025601863861084, 2.019705057144165, 2.0305466651916504, 2.024418592453003, 2.043775796890259, 2.02406644821167, 2.038623094558716, 2.0417747497558594, 2.0423026084899902, 2.0581448078155518, 2.047621011734009, 2.0474863052368164, 2.0598340034484863, 2.0489017963409424, 2.0504229068756104, 2.064715623855591, 2.0705015659332275, 2.0732884407043457, 2.056807041168213, 2.051710844039917, 2.064112901687622, 2.083197593688965, 2.0786778926849365, 2.0640058517456055, 2.071596384048462, 2.065532922744751, 2.0740530490875244, 2.077153444290161, 2.0886404514312744, 2.096496820449829, 2.0730040073394775, 2.0812582969665527, 2.0868167877197266, 2.0935704708099365, 2.085179090499878, 2.0909788608551025, 2.0930237770080566, 2.0886051654815674, 2.074577569961548, 2.105135440826416, 2.0858869552612305], "rounded_mae": [1.9111186265945435, 1.9148563146591187, 1.926645040512085, 1.9476157426834106, 1.9424632787704468, 1.9668855667114258, 1.9630931615829468, 1.974139928817749, 1.9796992540359497, 2.0066637992858887, 1.9964262247085571, 2.0133793354034424, 2.0021255016326904, 2.0206024646759033, 1.9986034631729126, 2.017280340194702, 2.0167973041534424, 2.0209860801696777, 2.036916494369507, 2.024703025817871, 2.022294521331787, 2.029355525970459, 2.0256965160369873, 2.029895067214966, 2.041532039642334, 2.0464468002319336, 2.052999973297119, 2.0316660404205322, 2.026047945022583, 2.0402352809906006, 2.055607318878174, 2.053581953048706, 2.040085554122925, 2.042170763015747, 2.0443732738494873, 2.0512313842773438, 2.055981397628784, 2.065020799636841, 2.074164390563965, 2.0447194576263428, 2.0601460933685303, 2.0644922256469727, 2.0675721168518066, 2.060655117034912, 2.0686028003692627, 2.0725808143615723, 2.0643961429595947, 2.0563571453094482, 2.0789318084716797, 2.058121919631958], "val_loss": [3.0624749660491943, 2.400390625, 2.251619815826416, 2.0911710262298584, 2.138434410095215, 2.112049102783203, 2.0632476806640625, 1.6864490509033203, 1.5742045640945435, 2.426476240158081, 1.6869983673095703, 1.536230444908142, 1.2691389322280884, 1.0604753494262695, 1.8976809978485107, 1.2218867540359497, 1.8321281671524048, 1.4176470041275024, 1.371321439743042, 1.675795078277588, 1.0364480018615723, 2.0317375659942627, 1.0866996049880981, 1.0451165437698364, 1.366860270500183, 1.0268886089324951, 1.1135833263397217, 1.0338906049728394, 2.2286391258239746, 1.537652611732483, 1.1248573064804077, 1.0709056854248047, 1.0251039266586304, 1.7921292781829834, 1.2098228931427002, 1.0624160766601562, 1.3381683826446533, 1.200480341911316, 1.0521728992462158, 0.9883118271827698, 1.1356287002563477, 1.0028802156448364, 1.1208306550979614, 1.3330988883972168, 1.073331594467163, 1.2017766237258911, 1.4887677431106567, 1.114685297012329, 1.2055741548538208, 1.0503844022750854], "val_raw_mae": [3.0290088653564453, 2.366849184036255, 2.2177624702453613, 2.0578389167785645, 2.1043307781219482, 2.0769076347351074, 2.0275094509124756, 1.6543771028518677, 1.5446628332138062, 2.388883352279663, 1.647870659828186, 1.5045708417892456, 1.2437807321548462, 1.0376110076904297, 1.8520944118499756, 1.1882696151733398, 1.7966681718826294, 1.3910160064697266, 1.3371235132217407, 1.6479902267456055, 1.0177834033966064, 1.985126256942749, 1.0577625036239624, 1.0266724824905396, 1.3262357711791992, 0.991898238658905, 1.077763557434082, 0.998962938785553, 2.17911696434021, 1.4899965524673462, 1.08754563331604, 1.0389490127563477, 0.9950427412986755, 1.7382615804672241, 1.1629970073699951, 1.0295330286026, 1.303468942642212, 1.168207049369812, 1.0170444250106812, 0.9432359933853149, 1.1136218309402466, 0.9685150980949402, 1.084132194519043, 1.2908369302749634, 1.0224460363388062, 1.1592751741409302, 1.4362080097198486, 1.0737124681472778, 1.1605303287506104, 1.0061622858047485], "val_rounded_mae": [3.066580057144165, 2.2027409076690674, 2.2027409076690674, 2.2027409076690674, 2.2027409076690674, 2.195934534072876, 2.1258599758148193, 1.6127609014511108, 1.5216902494430542, 2.33835768699646, 1.6318353414535522, 1.4892921447753906, 1.2178088426589966, 1.0201739072799683, 1.8208768367767334, 1.1774938106536865, 1.7751293182373047, 1.3698004484176636, 1.319387435913086, 1.5662561655044556, 0.993771493434906, 1.953198790550232, 1.0336073637008667, 0.9813093543052673, 1.277545690536499, 0.961034893989563, 1.060948371887207, 0.9746026396751404, 2.177088975906372, 1.4639393091201782, 1.0594093799591064, 1.004734754562378, 0.9578209519386292, 1.7037566900253296, 1.1294053792953491, 0.9807129502296448, 1.2703551054000854, 1.1476227045059204, 0.9697757959365845, 0.9217888712882996, 1.0803828239440918, 0.9184630513191223, 1.0553267002105713, 1.2297914028167725, 0.9858548045158386, 1.1484192609786987, 1.3706382513046265, 1.0467058420181274, 1.1389824151992798, 0.9741348624229431]}