{"loss": [1.4449400901794434, 1.3085215091705322, 1.2467454671859741, 1.20879328250885, 1.180408000946045, 1.1318680047988892, 1.1141209602355957, 1.1172147989273071, 1.0637190341949463, 1.0722652673721313, 1.0717183351516724, 1.0439417362213135, 1.0539954900741577, 1.0093719959259033, 1.05382239818573, 1.0368843078613281, 1.0234429836273193, 0.9935394525527954, 0.9636356830596924, 0.9908473491668701, 0.9834209084510803, 0.9998501539230347, 0.9573334455490112, 0.9630438685417175, 0.9610575437545776, 0.9564625024795532, 0.9362847805023193, 0.9372725486755371, 0.9260212182998657, 0.9364209771156311, 0.9720931649208069, 0.9184977412223816, 0.9244165420532227, 0.9343790411949158, 0.9185060262680054, 0.9097944498062134, 0.8819298148155212, 0.9062645435333252, 0.8856683373451233, 0.8912721872329712, 0.9144161343574524, 0.8831291198730469, 0.868897020816803, 0.8657364845275879, 0.887030839920044, 0.8655303716659546, 0.856963038444519, 0.8860378861427307, 0.8490830659866333, 0.8686599731445312, 0.8542010188102722, 0.8603307008743286, 0.8437607884407043, 0.8378241658210754, 0.8573529720306396, 0.8647461533546448, 0.8455454707145691, 0.8176291584968567, 0.8549821376800537], "raw_mae": [1.916364312171936, 1.91855788230896, 1.9432255029678345, 1.9594980478286743, 1.9585129022598267, 1.9733648300170898, 1.9905961751937866, 1.98670494556427, 2.009467840194702, 2.0057260990142822, 2.0100743770599365, 2.0191690921783447, 2.020684003829956, 2.027144193649292, 2.0376765727996826, 2.029531478881836, 2.0313873291015625, 2.036445140838623, 2.0404486656188965, 2.0399649143218994, 2.043637275695801, 2.0714728832244873, 2.0509185791015625, 2.0433554649353027, 2.0598363876342773, 2.0502617359161377, 2.0547783374786377, 2.0554449558258057, 2.060112476348877, 2.0597355365753174, 2.0778145790100098, 2.0690340995788574, 2.048952341079712, 2.049741268157959, 2.0618374347686768, 2.079699754714966, 2.070024251937866, 2.0760419368743896, 2.0843698978424072, 2.05875301361084, 2.0826635360717773, 2.076279401779175, 2.0657925605773926, 2.0665907859802246, 2.0686697959899902, 2.0879290103912354, 2.0727856159210205, 2.076916217803955, 2.0986554622650146, 2.080396890640259, 2.0870261192321777, 2.0689938068389893, 2.0971946716308594, 2.103095531463623, 2.080601453781128, 2.091420888900757, 2.084907054901123, 2.0938174724578857, 2.091249704360962], "rounded_mae": [1.8958005905151367, 1.9015463590621948, 1.9178529977798462, 1.9391000270843506, 1.9394047260284424, 1.9548238515853882, 1.9677612781524658, 1.9652687311172485, 1.9869880676269531, 1.9858171939849854, 1.9908195734024048, 1.9937773942947388, 1.9982582330703735, 2.009169340133667, 2.014930248260498, 2.0087568759918213, 2.0052261352539062, 2.014303684234619, 2.019993782043457, 2.0154402256011963, 2.0194995403289795, 2.050379514694214, 2.025768518447876, 2.0200858116149902, 2.0359342098236084, 2.0278353691101074, 2.0293943881988525, 2.032050371170044, 2.0362627506256104, 2.038161039352417, 2.053460121154785, 2.040173292160034, 2.026873826980591, 2.0242223739624023, 2.0385940074920654, 2.052046775817871, 2.0490610599517822, 2.0517961978912354, 2.0555641651153564, 2.033421754837036, 2.053248882293701, 2.0539939403533936, 2.0444092750549316, 2.0385899543762207, 2.047312021255493, 2.065011978149414, 2.052415132522583, 2.049345016479492, 2.0788543224334717, 2.0517797470092773, 2.0579402446746826, 2.043860912322998, 2.0672693252563477, 2.0825345516204834, 2.058969020843506, 2.060997486114502, 2.0623679161071777, 2.0700762271881104, 2.065967082977295], "val_loss": [3.5111639499664307, 2.6983304023742676, 2.2504990100860596, 1.9285345077514648, 1.9767024517059326, 1.910356044769287, 1.769304871559143, 1.4195116758346558, 1.6380935907363892, 1.3466192483901978, 1.2646676301956177, 1.3117364645004272, 1.0508244037628174, 1.6122580766677856, 1.5071276426315308, 1.0187435150146484, 1.2504241466522217, 2.0866053104400635, 1.4188398122787476, 1.4767816066741943, 1.458784818649292, 1.2369526624679565, 0.978497326374054, 1.3049554824829102, 1.0186357498168945, 0.994103729724884, 0.957213819026947, 0.9525868892669678, 1.1442201137542725, 1.1349976062774658, 0.9195215702056885, 0.967832624912262, 1.3868225812911987, 1.000948190689087, 0.9457319974899292, 0.9995654821395874, 1.0472992658615112, 1.5997154712677002, 1.0705982446670532, 1.0350229740142822, 1.0754786729812622, 1.0403894186019897, 0.9538585543632507, 0.9116075038909912, 1.0335454940795898, 0.947719395160675, 1.0156598091125488, 0.9129989147186279, 0.9971715807914734, 0.982236385345459, 1.205220341682434, 0.9696334600448608, 1.1796090602874756, 1.8992993831634521, 0.9209315180778503, 1.0061736106872559, 1.026259183883667, 1.4232538938522339, 1.57314932346344], "val_raw_mae": [3.519158124923706, 2.706214666366577, 2.2569580078125, 1.9360722303390503, 1.9835598468780518, 1.915069818496704, 1.7746531963348389, 1.4334691762924194, 1.6465532779693604, 1.3602229356765747, 1.274208664894104, 1.328123927116394, 1.0778350830078125, 1.6164721250534058, 1.510133981704712, 1.0449635982513428, 1.25886070728302, 2.090740442276001, 1.428282380104065, 1.4863195419311523, 1.4636586904525757, 1.2485204935073853, 0.9975418448448181, 1.3159542083740234, 1.0349828004837036, 1.0079797506332397, 0.9816595315933228, 0.964807391166687, 1.171929121017456, 1.1591682434082031, 0.9458823800086975, 0.9878433346748352, 1.4074434041976929, 1.0332188606262207, 0.9576611518859863, 1.0275987386703491, 1.0754684209823608, 1.6084368228912354, 1.0796775817871094, 1.0562299489974976, 1.0947606563568115, 1.0430012941360474, 0.9796191453933716, 0.9322482943534851, 1.0536558628082275, 0.9719194769859314, 1.0195780992507935, 0.9410905838012695, 1.0082887411117554, 0.9950687289237976, 1.2228292226791382, 0.9881170988082886, 1.200303077697754, 1.9052633047103882, 0.9404321908950806, 1.0107418298721313, 1.0372165441513062, 1.4314051866531372, 1.580132246017456], "val_rounded_mae": [3.066580057144165, 2.9645485877990723, 2.2027409076690674, 1.9470826387405396, 2.1116745471954346, 1.9111133813858032, 1.7192577123641968, 1.4049943685531616, 1.626587152481079, 1.3287012577056885, 1.253324270248413, 1.3035686016082764, 1.0487252473831177, 1.5912925004959106, 1.4721187353134155, 1.0084861516952515, 1.2255585193634033, 2.0848660469055176, 1.4131065607070923, 1.4123846292495728, 1.4381694793701172, 1.2194017171859741, 0.9571875929832458, 1.3038103580474854, 1.0098743438720703, 0.9770085215568542, 0.9635459184646606, 0.9247561693191528, 1.137518048286438, 1.1345323324203491, 0.9102707505226135, 0.9484276175498962, 1.3896805047988892, 0.9956592917442322, 0.9305647611618042, 0.9781747460365295, 1.0341869592666626, 1.5358487367630005, 1.0353810787200928, 1.0294479131698608, 1.054927945137024, 1.0266166925430298, 0.9474830031394958, 0.8772945404052734, 1.032984733581543, 0.9266229271888733, 0.975755512714386, 0.914156436920166, 0.9721781611442566, 0.958835780620575, 1.2023839950561523, 0.9659644365310669, 1.161178469657898, 1.8044596910476685, 0.9107481837272644, 0.9854048490524292, 1.0179237127304077, 1.4113718271255493, 1.58726966381073]}