{"loss": [2.160156011581421, 1.8265292644500732, 1.7295823097229004, 1.6787476539611816, 1.6330296993255615, 1.626312017440796, 1.579769253730774, 1.5653762817382812, 1.574110507965088, 1.5468451976776123, 1.5465391874313354, 1.5558836460113525, 1.5489550828933716, 1.528651237487793, 1.5319925546646118, 1.5428484678268433, 1.5302420854568481, 1.5126466751098633, 1.5304551124572754, 1.520874261856079, 1.5140682458877563, 1.511921763420105, 1.501175045967102, 1.5026867389678955, 1.5180703401565552, 1.5260984897613525, 1.5044171810150146, 1.5078712701797485, 1.5024027824401855, 1.4953242540359497, 1.511780023574829, 1.4953852891921997, 1.5008293390274048, 1.5147322416305542, 1.4973026514053345, 1.4907416105270386, 1.4898707866668701], "raw_mae": [2.156163454055786, 1.8483084440231323, 1.7770586013793945, 1.7262418270111084, 1.708596110343933, 1.7074553966522217, 1.6719887256622314, 1.6713817119598389, 1.6846914291381836, 1.6732980012893677, 1.6823464632034302, 1.6933975219726562, 1.6981525421142578, 1.6839240789413452, 1.694728970527649, 1.700593113899231, 1.6976069211959839, 1.6915243864059448, 1.6991329193115234, 1.6921430826187134, 1.7000657320022583, 1.702040433883667, 1.6963350772857666, 1.706606149673462, 1.7153666019439697, 1.7193257808685303, 1.7070516347885132, 1.7158057689666748, 1.707040786743164, 1.7073503732681274, 1.7295448780059814, 1.7140119075775146, 1.7189877033233643, 1.7351397275924683, 1.7204093933105469, 1.7175617218017578, 1.7237749099731445], "rounded_mae": [2.1460912227630615, 1.832719087600708, 1.7622649669647217, 1.7124212980270386, 1.6942933797836304, 1.6920521259307861, 1.6580904722213745, 1.6574246883392334, 1.6719516515731812, 1.65818190574646, 1.6659342050552368, 1.679633378982544, 1.6817071437835693, 1.6668579578399658, 1.6782405376434326, 1.6856584548950195, 1.6809155941009521, 1.6769773960113525, 1.6824016571044922, 1.6741737127304077, 1.6854721307754517, 1.6874521970748901, 1.6814868450164795, 1.6912659406661987, 1.7006819248199463, 1.703269362449646, 1.690704345703125, 1.7001688480377197, 1.688794493675232, 1.6914616823196411, 1.712676763534546, 1.6972829103469849, 1.7027578353881836, 1.7200552225112915, 1.7060211896896362, 1.7013386487960815, 1.7071876525878906], "val_loss": [1.618901014328003, 1.5960489511489868, 1.595322608947754, 1.5680574178695679, 1.5858935117721558, 1.549808144569397, 1.5373536348342896, 1.5345169305801392, 1.5242778062820435, 1.5231209993362427, 1.543907642364502, 1.5088460445404053, 1.5440001487731934, 1.5397257804870605, 1.4925413131713867, 1.489877700805664, 1.5284658670425415, 1.4832359552383423, 1.485089898109436, 1.4807089567184448, 1.4892618656158447, 1.4756734371185303, 1.4838608503341675, 1.4998739957809448, 1.5202640295028687, 1.4687198400497437, 1.4625338315963745, 1.481980562210083, 1.4616187810897827, 1.4920787811279297, 1.4617786407470703, 1.46763014793396, 1.4544271230697632, 1.525353193283081, 1.506107211112976, 1.4491534233093262, 1.4692970514297485], "val_raw_mae": [1.627905011177063, 1.6051610708236694, 1.60612952709198, 1.5771273374557495, 1.5936577320098877, 1.559335470199585, 1.5467826128005981, 1.5440294742584229, 1.5340207815170288, 1.5327568054199219, 1.5522069931030273, 1.5188478231430054, 1.5523929595947266, 1.5479925870895386, 1.50273597240448, 1.5000810623168945, 1.5366522073745728, 1.4934800863265991, 1.494781732559204, 1.490647554397583, 1.4991589784622192, 1.4855740070343018, 1.4940614700317383, 1.5076167583465576, 1.5276508331298828, 1.478535532951355, 1.4728351831436157, 1.4917304515838623, 1.4715131521224976, 1.4998668432235718, 1.4722892045974731, 1.4776500463485718, 1.4647644758224487, 1.5312641859054565, 1.513433575630188, 1.4593868255615234, 1.4787217378616333], "val_rounded_mae": [1.5622987747192383, 1.6234997510910034, 1.6292539834976196, 1.5983880758285522, 1.5908786058425903, 1.5958517789840698, 1.5076284408569336, 1.5227959156036377, 1.5138124227523804, 1.5397589206695557, 1.547141432762146, 1.4922161102294922, 1.5182424783706665, 1.5128713846206665, 1.4780009984970093, 1.4757689237594604, 1.5017553567886353, 1.4683510065078735, 1.4795572757720947, 1.4677928686141968, 1.4794703722000122, 1.4628255367279053, 1.4724195003509521, 1.4959450960159302, 1.5095278024673462, 1.4677928686141968, 1.4448035955429077, 1.479399561882019, 1.4599255323410034, 1.4876739978790283, 1.4354450702667236, 1.4403131008148193, 1.4258692264556885, 1.5234981775283813, 1.4844458103179932, 1.4400054216384888, 1.4591056108474731], "learning_rate": [0.0010000000474974513, 0.0010000000474974513, 0.0010000000474974513, 0.0010000000474974513, 0.0010000000474974513, 0.0010000000474974513, 0.0010000000474974513, 0.0010000000474974513, 0.0010000000474974513, 0.0010000000474974513, 0.0010000000474974513, 0.0010000000474974513, 0.0010000000474974513, 0.0010000000474974513, 0.0010000000474974513, 0.0010000000474974513, 0.0010000000474974513, 0.0010000000474974513, 0.0010000000474974513, 0.0010000000474974513, 0.0010000000474974513, 0.0010000000474974513, 0.0010000000474974513, 0.0010000000474974513, 0.0010000000474974513, 0.0010000000474974513, 0.0010000000474974513, 0.0010000000474974513, 0.0010000000474974513, 0.0010000000474974513, 0.0010000000474974513, 0.0010000000474974513, 0.0010000000474974513, 0.0010000000474974513, 0.0010000000474974513, 0.0010000000474974513, 0.0010000000474974513]}