{"loss": [1.5277316570281982, 1.2781623601913452, 1.2926932573318481, 1.226194143295288, 1.2004635334014893, 1.1738002300262451, 1.1176635026931763, 1.1165536642074585, 1.1017640829086304, 1.1153532266616821, 1.0983253717422485, 1.0681477785110474, 1.0754345655441284, 1.0398885011672974, 1.0360361337661743, 1.0385470390319824, 1.0309364795684814, 1.0256038904190063, 0.9937060475349426, 0.9861811995506287, 0.9900714755058289, 0.9857125878334045, 0.974563717842102, 0.9741173386573792, 0.9693117737770081, 0.9827432632446289, 0.9388401508331299, 0.9564501643180847, 0.9359851479530334, 0.9390466213226318, 0.9685819745063782, 0.9453772902488708, 0.9338696599006653, 0.954021692276001, 0.9132207036018372, 0.9502091407775879, 0.9185706377029419], "raw_mae": [1.9287045001983643, 1.92815363407135, 1.9663931131362915, 1.9682912826538086, 1.9752660989761353, 1.975563406944275, 1.9925850629806519, 2.001809597015381, 2.0143582820892334, 2.015577554702759, 2.018152952194214, 2.0276057720184326, 2.027871608734131, 2.040558099746704, 2.03974986076355, 2.047919988632202, 2.0535731315612793, 2.0457091331481934, 2.047443151473999, 2.035696506500244, 2.0518078804016113, 2.063847064971924, 2.054471731185913, 2.0598785877227783, 2.051846981048584, 2.070122003555298, 2.0762155055999756, 2.0677807331085205, 2.0701918601989746, 2.0782995223999023, 2.080732583999634, 2.069382905960083, 2.0672707557678223, 2.0784246921539307, 2.0759568214416504, 2.0856010913848877, 2.076266288757324], "rounded_mae": [1.8900116682052612, 1.9071848392486572, 1.9461771249771118, 1.948718786239624, 1.952218770980835, 1.9550498723983765, 1.9731054306030273, 1.979796290397644, 1.9913158416748047, 1.9977672100067139, 1.996038794517517, 2.006819248199463, 2.0113210678100586, 2.0186514854431152, 2.012230396270752, 2.026338577270508, 2.0304970741271973, 2.030351400375366, 2.0272717475891113, 2.0155603885650635, 2.027836799621582, 2.044762372970581, 2.031029224395752, 2.036017894744873, 2.029306411743164, 2.048354387283325, 2.0528275966644287, 2.049015760421753, 2.0450921058654785, 2.0574464797973633, 2.058321475982666, 2.046096086502075, 2.047245502471924, 2.0531489849090576, 2.0518200397491455, 2.057284116744995, 2.0520269870758057], "val_loss": [3.33457350730896, 2.828217029571533, 2.796679973602295, 2.294548988342285, 2.0135648250579834, 2.11281418800354, 1.740522027015686, 1.2265466451644897, 2.100149631500244, 1.8354060649871826, 1.3591920137405396, 1.6296312808990479, 1.135298728942871, 1.202183723449707, 2.301987409591675, 1.6257154941558838, 1.7864251136779785, 1.31052827835083, 1.2410783767700195, 1.1345475912094116, 1.1574366092681885, 1.055614948272705, 1.3237687349319458, 1.0781646966934204, 1.0759865045547485, 1.094867467880249, 1.1341631412506104, 1.1200145483016968, 1.1902740001678467, 1.7364293336868286, 1.2521579265594482, 1.0504581928253174, 1.4331406354904175, 1.1365466117858887, 1.2820693254470825, 1.21042001247406, 1.4337745904922485], "val_raw_mae": [3.2985618114471436, 2.7919838428497314, 2.7596936225891113, 2.2570321559906006, 1.9736586809158325, 2.0748393535614014, 1.7022706270217896, 1.2009614706039429, 2.059436082839966, 1.7922085523605347, 1.3368463516235352, 1.5827665328979492, 1.1078929901123047, 1.1630960702896118, 2.254218101501465, 1.5807753801345825, 1.7435414791107178, 1.2834340333938599, 1.2084094285964966, 1.1152576208114624, 1.1228708028793335, 1.0189121961593628, 1.2924317121505737, 1.0474011898040771, 1.04226553440094, 1.0894203186035156, 1.1071807146072388, 1.0766310691833496, 1.1505053043365479, 1.6921814680099487, 1.2087773084640503, 1.0276587009429932, 1.403035044670105, 1.084436297416687, 1.2412446737289429, 1.1692838668823242, 1.393816590309143], "val_rounded_mae": [3.066580057144165, 3.0564804077148438, 3.008732318878174, 2.204066038131714, 2.0230600833892822, 2.070115327835083, 1.691254734992981, 1.1710470914840698, 2.0390515327453613, 1.7751086950302124, 1.31326162815094, 1.5723793506622314, 1.0817173719406128, 1.1432849168777466, 2.2164013385772705, 1.5527023077011108, 1.713050127029419, 1.2557843923568726, 1.1650899648666382, 1.0825164318084717, 1.0930083990097046, 0.9806462526321411, 1.2705684900283813, 1.0286388397216797, 1.0290277004241943, 1.0601651668548584, 1.0655560493469238, 1.0367658138275146, 1.130163550376892, 1.6694616079330444, 1.1891275644302368, 0.9907622933387756, 1.3827627897262573, 1.0445754528045654, 1.2254761457443237, 1.1271215677261353, 1.361568808555603]}