{"loss": [1.6319630146026611, 1.2960747480392456, 1.2244579792022705, 1.1636651754379272, 1.1397862434387207, 1.1280733346939087, 1.0945507287979126, 1.0795111656188965, 1.0430386066436768, 1.0400480031967163, 1.0419062376022339, 0.9916095733642578, 1.023406744003296, 1.0100018978118896, 0.9986280798912048, 0.9855750203132629, 0.9776687622070312, 0.9557802677154541, 0.9749225974082947, 1.0076242685317993, 0.9664295315742493, 0.9269777536392212, 0.944359302520752, 0.9351557493209839, 0.9365021586418152, 0.9133870005607605], "raw_mae": [2.0635926723480225, 1.9645872116088867, 1.9614797830581665, 1.9952795505523682, 2.002655267715454, 2.0263991355895996, 2.0149388313293457, 2.0292093753814697, 2.038973093032837, 2.030287027359009, 2.0368459224700928, 2.058506488800049, 2.0548970699310303, 2.073133707046509, 2.0638997554779053, 2.0577280521392822, 2.0713372230529785, 2.0632576942443848, 2.076913356781006, 2.075523614883423, 2.060340166091919, 2.0830156803131104, 2.0725605487823486, 2.076890707015991, 2.0849318504333496, 2.0766003131866455], "rounded_mae": [1.9832521677017212, 1.9427825212478638, 1.9332798719406128, 1.966769814491272, 1.9788657426834106, 2.0047898292541504, 1.9905340671539307, 2.006631374359131, 2.0173354148864746, 2.004697561264038, 2.01198148727417, 2.0351662635803223, 2.033281087875366, 2.046104669570923, 2.0374484062194824, 2.030930519104004, 2.049762010574341, 2.043400287628174, 2.050532817840576, 2.0511529445648193, 2.03891921043396, 2.0609591007232666, 2.049964189529419, 2.056424379348755, 2.0630874633789062, 2.0537526607513428], "val_loss": [2.816323757171631, 2.3442156314849854, 2.108605146408081, 2.451188325881958, 2.2625186443328857, 1.7845379114151, 2.0360195636749268, 1.6640913486480713, 1.3084007501602173, 1.673010230064392, 0.9702432155609131, 1.1017932891845703, 1.0278074741363525, 0.9809793829917908, 1.0733448266983032, 1.1170741319656372, 1.8272165060043335, 1.3406826257705688, 1.0940614938735962, 1.1848781108856201, 1.2175384759902954, 1.6850062608718872, 0.9950675368309021, 1.9627118110656738, 1.5968568325042725, 1.2953381538391113], "val_raw_mae": [2.8199501037597656, 2.3473384380340576, 2.1108803749084473, 2.453871011734009, 2.2640676498413086, 1.784584879875183, 2.038588285446167, 1.6645147800445557, 1.307769775390625, 1.6766383647918701, 0.9992594122886658, 1.108324408531189, 1.0491031408309937, 1.00077223777771, 1.0769312381744385, 1.1248199939727783, 1.8210734128952026, 1.3540809154510498, 1.0988037586212158, 1.198180079460144, 1.2327271699905396, 1.680759310722351, 1.0042284727096558, 1.9540178775787354, 1.591732144355774, 1.2986716032028198], "val_rounded_mae": [3.066580057144165, 2.2027409076690674, 2.2027409076690674, 2.2027409076690674, 2.1947085857391357, 1.7965902090072632, 1.999377965927124, 1.6662362813949585, 1.3016995191574097, 1.6550047397613525, 0.9722768068313599, 1.0748488903045654, 1.0240117311477661, 0.9891790747642517, 1.050735592842102, 1.0973750352859497, 1.779767394065857, 1.3433725833892822, 1.085200548171997, 1.1442402601242065, 1.219626545906067, 1.6676645278930664, 0.970238983631134, 1.9499918222427368, 1.5817893743515015, 1.2662694454193115]}