run_name,num_samples,mae_rounded,mae_raw,rmse_raw,acc_exact,acc_within_1,acc_within_2,balanced_accuracy,pearson_r,spearman_r,pred_entropy_bits
20251102-100539_init-glorot_bn-False_l2-1e-05_dropout-0.3_loss-mae_lr-0.001_batch-64_trainlastblock-False,895,1.4770949720670392,1.4894558603351955,1.852054062150449,0.2089385474860335,0.587709497206704,0.788826815642458,0.1375486552299871,0.3849445988968429,0.3428917242912312,1.5026959878741784
20251102-132146_init-glorot_bn-False_l2-1e-05_dropout-0.2_loss-mae_lr-0.001_batch-64_trainlastblock-True,895,1.4737430167597765,1.4863420748603349,1.8619177653663495,0.2201117318435754,0.5854748603351956,0.794413407821229,0.14046321485914853,0.39257023916807826,0.35032340168829706,1.470077109885533
