{"loss": [1.5354059934616089, 1.2259020805358887, 1.1844325065612793, 1.1318185329437256, 1.1077276468276978, 1.0880786180496216, 1.0639863014221191, 1.0602058172225952, 1.0303130149841309, 1.0266305208206177, 1.022458791732788, 0.9898543357849121, 1.0089582204818726, 1.0015653371810913, 0.9905080199241638, 0.9785750508308411, 0.9829064607620239, 0.9620594382286072, 0.9443604350090027, 0.9519361853599548, 0.9248921275138855, 0.9346832633018494, 0.9058895707130432, 0.92601078748703, 0.9303223490715027, 0.8994108438491821, 0.8875845670700073, 0.8752413988113403, 0.8655294179916382, 0.8709205985069275, 0.8976505398750305, 0.8594038486480713, 0.8498895168304443, 0.8889464139938354, 0.8645272254943848, 0.8352500200271606, 0.8450914621353149, 0.8256590962409973, 0.8217458128929138, 0.8239749073982239, 0.8286433219909668, 0.8089039325714111, 0.8084703683853149, 0.8190526366233826, 0.7943216562271118, 0.8077943921089172, 0.7815685868263245, 0.7999044060707092, 0.7823011875152588, 0.7707328796386719, 0.7630749940872192, 0.769530177116394, 0.7482370138168335], "raw_mae": [2.022965669631958, 1.975322961807251, 1.9954452514648438, 2.0084285736083984, 2.0243775844573975, 2.0250351428985596, 2.0327095985412598, 2.0354716777801514, 2.0509793758392334, 2.056581974029541, 2.0495121479034424, 2.0807976722717285, 2.056759834289551, 2.0960397720336914, 2.057995557785034, 2.078735113143921, 2.076092004776001, 2.0900375843048096, 2.074949026107788, 2.077080249786377, 2.0904030799865723, 2.1071503162384033, 2.0847909450531006, 2.097583770751953, 2.082681894302368, 2.0868799686431885, 2.0945229530334473, 2.0964725017547607, 2.105546474456787, 2.128204345703125, 2.1082050800323486, 2.104673147201538, 2.0871219635009766, 2.1083950996398926, 2.087247610092163, 2.109107494354248, 2.122699022293091, 2.1212317943573, 2.1170480251312256, 2.105804204940796, 2.116636037826538, 2.105971574783325, 2.130187511444092, 2.129318952560425, 2.108360528945923, 2.1341328620910645, 2.11457896232605, 2.110337257385254, 2.1240713596343994, 2.115649461746216, 2.130598783493042, 2.114875555038452, 2.129573345184326], "rounded_mae": [1.9684994220733643, 1.95090651512146, 1.9725549221038818, 1.9858075380325317, 2.0033366680145264, 2.005375385284424, 2.0085558891296387, 2.010788679122925, 2.0281519889831543, 2.0333356857299805, 2.0223629474639893, 2.05820894241333, 2.03425931930542, 2.0662288665771484, 2.033301830291748, 2.049900531768799, 2.052546977996826, 2.0653581619262695, 2.046238422393799, 2.047762632369995, 2.0647222995758057, 2.0844027996063232, 2.0630743503570557, 2.07443904876709, 2.0623209476470947, 2.065803050994873, 2.071604013442993, 2.066383123397827, 2.0786631107330322, 2.1050314903259277, 2.084486484527588, 2.0789198875427246, 2.068572759628296, 2.087200403213501, 2.0705738067626953, 2.083259344100952, 2.0974791049957275, 2.0993235111236572, 2.091840982437134, 2.085998058319092, 2.0924954414367676, 2.076284646987915, 2.1025137901306152, 2.1105411052703857, 2.079235076904297, 2.1073789596557617, 2.096306324005127, 2.0872390270233154, 2.0916802883148193, 2.087937593460083, 2.1076977252960205, 2.088338613510132, 2.1067264080047607], "val_loss": [3.322246551513672, 2.6592013835906982, 2.6827428340911865, 2.5483946800231934, 2.1618967056274414, 2.1435680389404297, 2.1190009117126465, 1.385791540145874, 1.30330491065979, 1.2382853031158447, 1.359952449798584, 1.1068624258041382, 1.079407811164856, 1.4652165174484253, 1.1881213188171387, 0.9905187487602234, 1.214906096458435, 1.7348588705062866, 1.3238787651062012, 0.9497311115264893, 0.9983325600624084, 1.0438212156295776, 1.0316228866577148, 1.688017725944519, 0.9489192366600037, 1.0626544952392578, 1.0267750024795532, 0.9826479554176331, 1.1328104734420776, 1.2693512439727783, 0.9171292781829834, 0.9935570955276489, 0.9410686492919922, 1.2522488832473755, 0.939507007598877, 1.4987595081329346, 1.1190394163131714, 0.9236430525779724, 0.9561880826950073, 1.1767868995666504, 1.1568495035171509, 1.0369584560394287, 1.1690337657928467, 0.9395756125450134, 0.9405725598335266, 0.9448087215423584, 1.120129942893982, 1.0239558219909668, 1.537261962890625, 0.9980956315994263, 0.9280254244804382, 1.9388238191604614, 0.9699319005012512], "val_raw_mae": [3.325915575027466, 2.662510395050049, 2.6857047080993652, 2.55135178565979, 2.1618540287017822, 2.145118236541748, 2.119642972946167, 1.3947937488555908, 1.3119200468063354, 1.240617036819458, 1.3608548641204834, 1.0968284606933594, 1.0896114110946655, 1.4635120630264282, 1.2135969400405884, 1.0141026973724365, 1.2218587398529053, 1.7352653741836548, 1.3277887105941772, 0.9773674011230469, 1.0158058404922485, 1.0494331121444702, 1.0403002500534058, 1.6827690601348877, 0.9567139744758606, 1.0696641206741333, 1.0470497608184814, 1.0045956373214722, 1.1337890625, 1.2796803712844849, 0.9372186064720154, 1.0052497386932373, 0.96944659948349, 1.2568751573562622, 0.9733063578605652, 1.4877345561981201, 1.1350008249282837, 0.9340790510177612, 0.9665369391441345, 1.1749553680419922, 1.1645087003707886, 1.0467686653137207, 1.1700044870376587, 0.9578924775123596, 0.9634476900100708, 0.9598595499992371, 1.110357403755188, 1.032549262046814, 1.535011649131775, 1.0016216039657593, 0.9377253651618958, 1.9282913208007812, 0.9787791967391968], "val_rounded_mae": [3.066580057144165, 2.980621337890625, 2.9054999351501465, 2.290985345840454, 2.1172001361846924, 2.1000850200653076, 2.0791678428649902, 1.3674699068069458, 1.2858160734176636, 1.1977790594100952, 1.3386344909667969, 1.0800771713256836, 1.0945379734039307, 1.4404457807540894, 1.1497801542282104, 0.9805706739425659, 1.1908271312713623, 1.7052135467529297, 1.2999082803726196, 0.945162832736969, 0.9788376092910767, 1.0214546918869019, 1.0091801881790161, 1.6415261030197144, 0.9216178059577942, 1.042691946029663, 1.0334489345550537, 0.9631139636039734, 1.106511116027832, 1.2647467851638794, 0.8987641930580139, 0.9779725074768066, 0.9322184324264526, 1.2257293462753296, 0.9295615553855896, 1.453966736793518, 1.101440191268921, 0.8914365172386169, 0.9389152526855469, 1.1585484743118286, 1.1188157796859741, 0.999195396900177, 1.1515084505081177, 0.9293360114097595, 0.9218682050704956, 0.9300432801246643, 1.085938572883606, 1.001693606376648, 1.5247136354446411, 0.987418532371521, 0.9154937863349915, 1.919596552848816, 0.9387288093566895]}