epoch,loss,raw_mae,rounded_mae,val_loss,val_raw_mae,val_rounded_mae
0,1.374830961227417,1.9498231410980225,1.9251023530960083,3.4213807582855225,3.429372549057007,3.066580057144165
1,1.2028096914291382,1.9259306192398071,1.9048206806182861,2.207897424697876,2.2152557373046875,2.2027409076690674
2,1.1428625583648682,1.969648003578186,1.9504705667495728,2.110149383544922,2.116328477859497,2.2027409076690674
3,1.099852204322815,1.9676066637039185,1.9447942972183228,2.0087523460388184,2.010154962539673,2.0766236782073975
4,1.103044867515564,1.9884649515151978,1.968275785446167,1.8919060230255127,1.896281123161316,1.7633082866668701
5,1.0486454963684082,1.995951771736145,1.9797426462173462,1.8747848272323608,1.8805581331253052,1.790123701095581
6,1.0375399589538574,2.003241777420044,1.98477303981781,2.3306117057800293,2.337559461593628,2.2691471576690674
