{"loss": [1.374830961227417, 1.2028096914291382, 1.1428625583648682, 1.099852204322815, 1.103044867515564, 1.0486454963684082, 1.0375399589538574, 1.0160025358200073, 0.9947059750556946, 1.0008625984191895, 0.9824604988098145, 0.9534878134727478, 0.9673249125480652, 0.9280592799186707, 0.9191409945487976, 0.900897741317749, 0.8882152438163757, 0.8748021721839905, 0.8790962100028992, 0.8612919449806213, 0.8625931143760681, 0.872340738773346, 0.8434699177742004, 0.8534579277038574, 0.8314639925956726, 0.8366883993148804, 0.8012810945510864, 0.8038228154182434, 0.8044201731681824, 0.781876266002655, 0.8471855521202087, 0.7738941311836243, 0.7706013321876526, 0.7938066124916077, 0.7840647101402283, 0.7653511762619019, 0.7370838522911072, 0.7228795886039734, 0.7016043066978455, 0.7062421441078186, 0.7417973279953003, 0.7307544350624084, 0.7365724444389343, 0.7173066735267639, 0.6947367787361145, 0.7309564352035522, 0.6762846112251282, 0.7134575843811035, 0.6517502665519714, 0.6813716888427734, 0.6721346378326416, 0.6516032814979553, 0.6440666913986206, 0.6560590863227844, 0.6956031918525696, 0.7135096192359924, 0.6495603919029236, 0.6267781257629395, 0.6292121410369873, 0.6235467195510864, 0.6236305236816406, 0.6296114921569824, 0.6262656450271606, 0.6039354205131531, 0.6054445505142212, 0.6483014822006226, 0.6163362264633179, 0.6017348766326904, 0.6027429103851318, 0.5801935791969299, 0.6077733039855957, 0.5896428227424622, 0.5779997110366821], "raw_mae": [1.9498231410980225, 1.9259306192398071, 1.969648003578186, 1.9676066637039185, 1.9884649515151978, 1.995951771736145, 2.003241777420044, 2.0092358589172363, 2.0181639194488525, 2.036869764328003, 2.032529354095459, 2.041599750518799, 2.045243740081787, 2.0511202812194824, 2.046194553375244, 2.0588219165802, 2.0691592693328857, 2.0645055770874023, 2.066107988357544, 2.0687341690063477, 2.0559589862823486, 2.087329626083374, 2.078378200531006, 2.07995867729187, 2.078930616378784, 2.0833165645599365, 2.0834333896636963, 2.089881181716919, 2.091063976287842, 2.0910449028015137, 2.1076807975769043, 2.093566417694092, 2.0795323848724365, 2.1040608882904053, 2.0879015922546387, 2.1008527278900146, 2.1096930503845215, 2.1029889583587646, 2.114680051803589, 2.1172924041748047, 2.1111650466918945, 2.1067392826080322, 2.1241257190704346, 2.1107230186462402, 2.1122195720672607, 2.115610361099243, 2.120389699935913, 2.1063897609710693, 2.128671169281006, 2.1209943294525146, 2.123534679412842, 2.1134679317474365, 2.1364033222198486, 2.1335253715515137, 2.130645275115967, 2.1168465614318848, 2.1210269927978516, 2.1286559104919434, 2.1264424324035645, 2.1230671405792236, 2.130516290664673, 2.1368842124938965, 2.1385700702667236, 2.133178234100342, 2.132913112640381, 2.128678798675537, 2.140115976333618, 2.135963201522827, 2.141540050506592, 2.145045042037964, 2.1415188312530518, 2.131418466567993, 2.159850835800171], "rounded_mae": [1.9251023530960083, 1.9048206806182861, 1.9504705667495728, 1.9447942972183228, 1.968275785446167, 1.9797426462173462, 1.98477303981781, 1.9921101331710815, 1.9999066591262817, 2.0146005153656006, 2.0099451541900635, 2.0219647884368896, 2.020998477935791, 2.0315234661102295, 2.018732786178589, 2.037745952606201, 2.0511856079101562, 2.0408692359924316, 2.0463223457336426, 2.0446228981018066, 2.035449504852295, 2.059943199157715, 2.056750774383545, 2.056749105453491, 2.059119462966919, 2.0580432415008545, 2.0591652393341064, 2.065136671066284, 2.0671868324279785, 2.0682342052459717, 2.0829694271087646, 2.072274923324585, 2.0558598041534424, 2.0801851749420166, 2.0711634159088135, 2.0809669494628906, 2.0893938541412354, 2.0829081535339355, 2.091762065887451, 2.1009700298309326, 2.087766408920288, 2.078904867172241, 2.096832036972046, 2.0913619995117188, 2.090682029724121, 2.0890610218048096, 2.099733352661133, 2.0837621688842773, 2.10679030418396, 2.0992300510406494, 2.096728563308716, 2.0908799171447754, 2.1074910163879395, 2.107168197631836, 2.106113910675049, 2.086545467376709, 2.0915095806121826, 2.106314182281494, 2.1049346923828125, 2.1007096767425537, 2.1075451374053955, 2.1136302947998047, 2.117882013320923, 2.1157236099243164, 2.104398012161255, 2.1066081523895264, 2.119222402572632, 2.1094014644622803, 2.120375156402588, 2.120253324508667, 2.1072189807891846, 2.107189893722534, 2.1432266235351562], "val_loss": [3.4213807582855225, 2.207897424697876, 2.110149383544922, 2.0087523460388184, 1.8919060230255127, 1.8747848272323608, 2.3306117057800293, 1.571395993232727, 1.9629435539245605, 1.5502283573150635, 1.3129677772521973, 1.6265796422958374, 1.3798713684082031, 1.623871922492981, 1.0639086961746216, 1.141672968864441, 1.476127028465271, 1.3058046102523804, 1.578414797782898, 2.479257822036743, 1.0527852773666382, 1.7168091535568237, 1.537390112876892, 1.1564687490463257, 1.0155631303787231, 1.0849974155426025, 0.9309452772140503, 2.2703428268432617, 1.1670926809310913, 0.9307352900505066, 1.0260694026947021, 0.9114934802055359, 1.0163915157318115, 1.2424067258834839, 1.2536861896514893, 0.9174007773399353, 0.9429048299789429, 0.9184271693229675, 0.9979476928710938, 1.0586477518081665, 1.0038291215896606, 1.478005051612854, 0.9610065817832947, 0.9565854072570801, 1.1398271322250366, 0.9276562929153442, 0.9019151329994202, 0.9376842379570007, 1.648908257484436, 1.3352454900741577, 1.3171882629394531, 0.9697074294090271, 0.9262281656265259, 0.9290167093276978, 1.3295466899871826, 1.1061469316482544, 1.3952704668045044, 0.8902751207351685, 1.3549870252609253, 0.9324125647544861, 1.1166092157363892, 1.0839186906814575, 1.0969325304031372, 1.8505747318267822, 0.9396423101425171, 1.0299577713012695, 1.1626452207565308, 1.1066025495529175, 1.2252581119537354, 0.9459675550460815, 1.2907745838165283, 0.9431852698326111, 0.9535740613937378], "val_raw_mae": [3.429372549057007, 2.2152557373046875, 2.116328477859497, 2.010154962539673, 1.896281123161316, 1.8805581331253052, 2.337559461593628, 1.583855390548706, 1.9733818769454956, 1.561589241027832, 1.3232702016830444, 1.635628342628479, 1.3945304155349731, 1.630096435546875, 1.073402762413025, 1.1622655391693115, 1.4933806657791138, 1.3321540355682373, 1.5843851566314697, 2.477997303009033, 1.0687406063079834, 1.7169471979141235, 1.554551124572754, 1.1876013278961182, 1.0306651592254639, 1.1041970252990723, 0.9633052945137024, 2.271005868911743, 1.176599383354187, 0.9531987309455872, 1.043843150138855, 0.9339162111282349, 1.047739028930664, 1.2554718255996704, 1.2733129262924194, 0.9401582479476929, 0.9536352753639221, 0.94029700756073, 1.024110198020935, 1.0665595531463623, 1.0232222080230713, 1.4803504943847656, 0.974406361579895, 0.9828252792358398, 1.155710220336914, 0.9437106251716614, 0.9217624664306641, 0.9657901525497437, 1.6551506519317627, 1.3492459058761597, 1.3277913331985474, 0.9722413420677185, 0.9388099908828735, 0.9492039084434509, 1.3474819660186768, 1.1030471324920654, 1.4030085802078247, 0.919533908367157, 1.358429193496704, 0.9433732628822327, 1.1219788789749146, 1.0872812271118164, 1.1052433252334595, 1.8467134237289429, 0.9530794024467468, 1.047573208808899, 1.177573561668396, 1.1321439743041992, 1.232853889465332, 0.952366292476654, 1.2968124151229858, 0.948226809501648, 0.9806205630302429],