run_name,num_samples,mae_rounded,mae_raw,rmse_raw,acc_exact,acc_within_1,acc_within_2,balanced_accuracy,pearson_r,spearman_r,pred_entropy_bits,best_val_raw_mae,best_val_epoch,final_val_raw_mae,final_val_loss
20251106-081801_conv3_nobn_glorot_l2-0.0_drop-0.0_lr-0.001,895,1.030167597765363,1.0635186779776535,1.3667498227162167,0.31843575418994413,0.740782122905028,0.9273743016759777,0.2634226400017444,0.7353966915660601,0.7274307266587036,2.5020962599146594,1.1153401136398315,49,1.1153401136398315,1.068058729171753
20251106-091027_conv3_nobn_glorot_l2-0.0_drop-0.0_lr-0.001,895,0.9910614525139665,1.0385619401117319,1.3347287063126476,0.32625698324022345,0.7642458100558659,0.9329608938547486,0.26136701401442375,0.7436710659538205,0.7360625773311836,2.4843926332634227,1.1153401136398315,49,1.1153401136398315,1.068058729171753
20251106-091119_conv3_nobn_randn_l2-0.0_drop-0.0_lr-0.001,895,1.0167597765363128,1.0522753266815643,1.3401419818611744,0.30726256983240224,0.7553072625698324,0.9351955307262569,0.25764337971823814,0.7368424870940257,0.731109297417741,2.5438116247736007,1.106736421585083,47,1.1312925815582275,1.091552972793579
