{"loss": [1.0156996250152588, 0.8307090401649475, 0.7803640365600586, 0.7497499585151672, 0.7487985491752625, 0.7137115597724915, 0.6808062195777893, 0.6713558435440063, 0.6497724056243896, 0.6641616821289062, 0.6945330500602722, 0.6202876567840576, 0.6143025159835815, 0.6044082045555115, 0.6147709488868713, 0.5728928446769714, 0.5777316689491272, 0.5624750852584839, 0.5451855063438416, 0.5466015338897705, 0.5491139888763428, 0.5572357773780823, 0.545760989189148, 0.5453848838806152, 0.5369895100593567, 0.5469254851341248, 0.5063080787658691, 0.5058542490005493, 0.5119625926017761, 0.503728985786438, 0.5449420809745789, 0.5002193450927734, 0.5014960169792175, 0.5106769800186157, 0.49579235911369324, 0.496389776468277, 0.4782072603702545, 0.4820157289505005, 0.463750958442688, 0.45451703667640686, 0.4859884977340698, 0.4821517765522003, 0.46685105562210083, 0.44624143838882446, 0.4476032555103302, 0.4548271894454956, 0.43808385729789734, 0.45620089769363403, 0.42394205927848816, 0.43685677647590637, 0.4204965829849243, 0.43587368726730347, 0.42748963832855225, 0.41322585940361023, 0.43306177854537964, 0.43242254853248596, 0.40900635719299316, 0.40215054154396057], "raw_mae": [1.9686022996902466, 1.9332157373428345, 1.9592825174331665, 1.9773253202438354, 1.984955906867981, 1.993282675743103, 2.0084664821624756, 2.006023645401001, 2.024559497833252, 2.020873785018921, 2.0310986042022705, 2.0356409549713135, 2.027649164199829, 2.0577845573425293, 2.0429792404174805, 2.055513858795166, 2.071587562561035, 2.053402900695801, 2.0588815212249756, 2.058340549468994, 2.0611743927001953, 2.0846660137176514, 2.062368154525757, 2.0929195880889893, 2.0651743412017822, 2.08085036277771, 2.0743918418884277, 2.0689759254455566, 2.081838846206665, 2.0855555534362793, 2.0909664630889893, 2.0771844387054443, 2.076017379760742, 2.0799920558929443, 2.085345506668091, 2.091959238052368, 2.0982210636138916, 2.0975430011749268, 2.095607042312622, 2.088819742202759, 2.083355188369751, 2.094926118850708, 2.105013847351074, 2.1053719520568848, 2.100543737411499, 2.110961437225342, 2.1062285900115967, 2.1084535121917725, 2.113950729370117, 2.0966670513153076, 2.119000196456909, 2.0936763286590576, 2.1097702980041504, 2.107042074203491, 2.1191630363464355, 2.122321605682373, 2.1080896854400635, 2.118079423904419], "rounded_mae": [1.9207040071487427, 1.9154927730560303, 1.940501093864441, 1.9565904140472412, 1.9627267122268677, 1.9714916944503784, 1.9869016408920288, 1.9889039993286133, 2.0057036876678467, 1.997207760810852, 2.0070436000823975, 2.0100491046905518, 2.0082671642303467, 2.0335288047790527, 2.019503116607666, 2.0319151878356934, 2.043283700942993, 2.0330331325531006, 2.0407960414886475, 2.0363266468048096, 2.0352015495300293, 2.061161518096924, 2.0360963344573975, 2.070845603942871, 2.0451951026916504, 2.0537450313568115, 2.0519607067108154, 2.0420384407043457, 2.050569772720337, 2.0623226165771484, 2.0697460174560547, 2.0508015155792236, 2.052576780319214, 2.058133840560913, 2.0632150173187256, 2.0647237300872803, 2.0686838626861572, 2.074538469314575, 2.0707247257232666, 2.0606372356414795, 2.058542013168335, 2.072944164276123, 2.0834457874298096, 2.08500337600708, 2.0731189250946045, 2.081256628036499, 2.082315444946289, 2.080777168273926, 2.086733102798462, 2.0760912895202637, 2.0954267978668213, 2.0661399364471436, 2.0846939086914062, 2.079096555709839, 2.0901100635528564, 2.0943965911865234, 2.0838470458984375, 2.0917418003082275], "val_loss": [2.129848003387451, 1.4490082263946533, 1.2705966234207153, 1.2342745065689087, 1.1838231086730957, 1.242311716079712, 1.228895664215088, 1.1330945491790771, 1.4690790176391602, 1.4445222616195679, 0.6461625099182129, 1.3233364820480347, 0.9881154894828796, 1.2175272703170776, 0.6248555779457092, 0.7304523587226868, 0.8394579887390137, 0.6961808204650879, 0.7126482129096985, 1.5222365856170654, 0.7903019785881042, 0.7665949463844299, 0.5886282920837402, 0.7610628008842468, 0.7281522154808044, 0.5688530802726746, 0.7693207859992981, 0.8544752597808838, 0.8889503479003906, 0.5823467969894409, 0.7726157307624817, 0.6078739762306213, 0.7254126667976379, 0.7174058556556702, 0.5497769117355347, 0.542457640171051, 0.5635821223258972, 0.804850161075592, 1.0193766355514526, 0.5943485498428345, 0.5887436866760254, 0.6948392391204834, 0.5242739319801331, 0.6640059351921082, 0.6310433745384216, 0.5776828527450562, 1.110291600227356, 0.5800155401229858, 0.5500953793525696, 0.6080783009529114, 0.7384178042411804, 0.7240666151046753, 0.5774667263031006, 0.5534347891807556, 0.5756301283836365, 0.944327175617218, 0.5270030498504639, 0.6936144232749939], "val_raw_mae": [2.60711669921875, 1.8996120691299438, 1.6633586883544922, 1.6584546566009521, 1.6325962543487549, 1.663914680480957, 1.634216547012329, 1.5483530759811401, 1.9115475416183472, 1.8938902616500854, 1.0620750188827515, 1.7619783878326416, 1.4263746738433838, 1.6513904333114624, 1.019172191619873, 1.1440045833587646, 1.2676305770874023, 1.1180232763290405, 1.12337327003479, 1.997195839881897, 1.2034069299697876, 1.1809453964233398, 0.9960682988166809, 1.1815022230148315, 1.1363688707351685, 0.9735708236694336, 1.1923868656158447, 1.2813400030136108, 1.3121446371078491, 0.9954825043678284, 1.1999188661575317, 1.0115606784820557, 1.1444908380508423, 1.1209980249404907, 0.9394412636756897, 0.9380909204483032, 0.9669646620750427, 1.234583854675293, 1.4712156057357788, 0.9884158372879028, 0.9924969673156738, 1.103771686553955, 0.9165092706680298, 1.085207223892212, 1.0267246961593628, 0.9700051546096802, 1.5491225719451904, 0.9742160439491272, 0.9422563910484314, 1.0045233964920044, 1.1575086116790771, 1.1367462873458862, 0.9665541648864746, 0.9422210454940796, 0.9588553309440613, 1.376740574836731, 0.9206610321998596, 1.1001816987991333], "val_rounded_mae": [2.2027409076690674, 1.6625622510910034, 1.6625622510910034, 1.6625622510910034, 1.6280189752578735, 1.6641814708709717, 1.65798819065094, 1.5566474199295044, 1.886904001235962, 1.8734687566757202, 1.02755868434906, 1.7483779191970825, 1.4252203702926636, 1.6243332624435425, 0.989129900932312, 1.104709506034851, 1.2451063394546509, 1.0848580598831177, 1.0894715785980225, 1.9371211528778076, 1.1710327863693237, 1.1465462446212769, 0.964472770690918, 1.1526902914047241, 1.1024562120437622, 0.9283674955368042, 1.1733072996139526, 1.2656993865966797, 1.297033429145813, 0.9860326051712036, 1.1430343389511108, 0.993104100227356, 1.0983850955963135, 1.07362961769104, 0.9053792953491211, 0.8922517895698547, 0.9234114289283752, 1.1928259134292603, 1.4546082019805908, 0.9459781050682068, 0.9628804922103882, 1.0638142824172974, 0.8737360835075378, 1.033658742904663, 1.0000897645950317, 0.9296568632125854, 1.4580795764923096, 0.9377204179763794, 0.9009596109390259, 0.9743979573249817, 1.1241356134414673, 1.1173641681671143, 0.9327524304389954, 0.8983203172683716, 0.9204880595207214, 1.3663499355316162, 0.878829836845398, 1.0683624744415283]}